evaluationIndex,f,Nu,NuBoundary,obj,x1,x2,x3,x4,x5,x6,x7,x8,grad1,grad2,grad3,grad4,grad5,grad6,grad7,grad8
1,1.3271867836549962,8.150191823485082,8.228093620582467,-4.87969042991515,0.0,0.0,0.0,0.0,0.0,0.0,0.0,0.0,-3.626926768566019,2.5625593243674416,0.7432969551306456,1.9387223006765986,0.5716636146280152,0.0074184383551667565,0.002951041070620164,0.5772296569341862
